id,uri,description
ckm,https://medium.com/cryptokitties/understanding-the-cryptokitties-marketplace-f0a6f32ac090
ck1w,https://kittyhelper.co/sales-history/?period=7D&#038;sort=1
di,https://www.cryptokitties.co/search?include=sale&#038;search=mewtation:diamond
lola,https://opensea.io/assets/0xd0c402bcbcb5e70157635c41b2810b42fe592bb0/8
17,https://www.cryptokitties.co/kitty/1926785
16,https://www.cryptokitties.co/search?search=special:catterina
catterina,https://niftygateway.com/marketplace?page=1&#038;collection=0x06012c8cf97bead5deae237070f9587f8e7a266d&#038;type=1
15,https://discord.gg/cryptokitties
koshkat,https://www.cryptokitties.co/kitty/222
14,https://niftygateway.com/itemdetail/primary/0x06012c8cf97bead5deae237070f9587f8e7a266d/2
13,https://www.cryptokitties.co/search?include=sale,other,sire&#038;search=specialedition:catterina
momo,https://medium.com/@CryptoKitties/the-cryptokitties-artist-series-6c7c3c7c35e0
12,https://forms.gle/CgZ5HWpvzu3UWujt6
11,https://forms.gle/7ZjKo9bUmJNqgicF7
10,https://www.cryptokitties.co/search?search=fancy:bodhi
z,https://www.cryptokitties.co/search?include=sale&#038;search=fancy:cai
y,https://www.twitch.tv/rudem00se
x,https://guide.cryptokitties.co/guide/types-of-cats/fancy-cats
w,https://www.cryptokitties.co/blog/post/introducing-kitty-tricks
v,https://www.cryptokitties.co/search?search=fancy:cai
ckroadmap,https://trello.com/b/EOw3cnqf/cryptokitties-roadmap
t,https://www.cryptokitties.co/events
s,https://www.meetdapper.com/docs/meet?utm_campaign=developers&#038;utm_source=twitter
r,https://play.google.com/store/apps/details?id=com.dapperlabs.dapper&#038;hl=en_CA&#038;utm_campaign=android&#038;utm_source=twitter
dremail,https://www.cryptokitties.co/?utm_source=DappRadar&#038;utm_medium=partneremail&#038;utm_campaign=dr_email
q,https://www.meetdapper.com/docs/meet?utm_campaign=developer&#038;utm_source=twitter
p,https://support.dapperlabs.com/hc/en-us/articles/360034620473-How-to-get-ETH?utm_campaign=social&#038;utm_source=
fdp,https://www.notion.so/Flow-Developer-Preview-6d5d696c8d584398a2a025185945aa5b
o,https://www.cryptokitties.co/catalogue/latest-cattributes/3
n,https://www.cryptokitties.co/search?include=sire&#038;search=gauntlet
m,https://www.cryptokitties.co/search?search=drift
l,https://www.cryptokitties.co/search?include=sale&#038;search=wyrm
k,https://www.cryptokitties.co/search?include=sale,sire&#038;search=fancy:draco
j,https://support.dapperlabs.com/hc/en-us/articles/360033780634-Using-Dapper-with-other-wallets-installed?utm_campaign=support&#038;utm_source=twitter&#038;utm_medium=social
aaa,https://forms.gle/Mo9PAc6oFSpw1yCh7
i,https://www.cheezewizards.com/parties/2be8a6a8-0a07-409d-8dcc-a53f66083db8?utm_source=dlive&#038;utm_campaign=dlivexcw
h,https://www.cheezewizards.com/parties/1fe1f7c5-416b-40c5-be7c-bd0c18eecc0b?utm_source=dlive&#038;utm_campaign=dlivexcw
g,https://www.cheezewizards.com/parties/16bfdac6-b824-4cdc-a19b-40feb2400522?utm_source=dlive&#038;utm_campaign=dlivexcw
f,https://www.cheezewizards.com/parties/16a1e34a-c21b-4b78-bf3e-f20a4dad3b07?utm_source=dlive&#038;utm_campaign=dlivexcw
e,https://www.cheezewizards.com/parties/0c2e7c75-f7b0-4316-94dc-220e9a4b1bae?utm_source=dlive&#038;utm_campaign=dlivexcw
d,https://www.cheezewizards.com/parties/082f622b-7672-4c79-9dcf-3cb96ac00489?utm_source=dlive&#038;utm_campaign=dlivexcw
c,https://www.cheezewizards.com/parties/031bd3c9-98af-4369-ae42-e6617b9d140d?utm_source=dlive&#038;utm_campaign=dlivexcw
b,https://www.cheezewizards.com/parties/0205322a-5def-43ad-b6ca-8d9e52b9529c?utm_source=dlive&#038;utm_campaign=dlivexcw
a,https://www.cheezewizards.com/parties/0098edb1-84b7-4c4b-87bb-9457ccade55f?utm_source=dlive&#038;utm_campaign=dlivexcw
9,https://guide.cryptokitties.co/guide/types-of-cats/purrstige-traits
8,https://kittyhelper.co/search/?auction=sale&#038;cb=pu24&#038;pos=P0&#038;cb=WE00&#038;pos=P0&#038;sort=5
7,https://docs.google.com/forms/d/e/1FAIpQLScpAIFP1RWYPt-kQhzV6fE8tnCt9o5730z-1za1mB0kubVQeA/viewform?utm_campaign=cheeze+wizard+giveaway&#038;utm_source=twitter&#038;utm_medium=social
flowdev,https://buildwithflow.typeform.com/to/QFMOaM
37ioo,https://www.cryptokitties.co/catalogue?utm_campaign=breedersclub&#038;utm_source=newsletter&#038;utm_medium=email
5jf7w,http://cheezewizards.com/tokyo?utm_campaign=tokyo&#038;utm_source=presentation
2e2z4,https://play.google.com/apps/testing/com.dapperlabs.dapper?utm_campaign=androidbeta2&#038;utm_source=email
zgk87,https://www.cryptokitties.co/search?include=sale,sire,other&#038;search=fancy:Jack&#038;utm_campaign=breedersclub&#038;utm_source=newsletter&#038;utm_medium=email
5fnts,https://www.cryptokitties.co/blog/post/ooooooh-shiny/?utm_campaign=breedersclub&#038;utm_source=newsletter&#038;utm_medium=email
vywea,https://www.cryptokitties.co/blog/post/a-spooky-new-fancy-cat-is-haunting-cryptokitties?utm_campaign=breedersclub&#038;utm_source=newsletter&#038;utm_medium=email
96kpq,https://www.cryptokitties.co/blog/post/ooooooh-shiny?utm_campaign=breedersclub&#038;utm_source=newsletter&#038;utm_medium=email
moonpay,https://www.meetdapper.com/faq/eth/?utm_campaign=moonpayjapan&#038;utm_source=twitter&#038;utm_medium=organicsocial
7ny1b,https://www.cryptokitties.co/blog/post/purrzival-the-paladin-is-here-to-protect-catelot?utm_campaign=breedersclub&#038;utm_source=newsletter&#038;utm_medium=email
ya0pz,https://www.cryptokitties.co/kitty/1704094?utm_campaign=breedersclub&#038;utm_source=newsletter&#038;utm_medium=email
80780,https://www.cryptokitties.co/profile/0xd407bc1708209dedae37a026402c4d1da2fc75c5?utm_campaign=breedersclub&#038;utm_source=newsletter&#038;utm_medium=email
d6djq,https://www.cryptokitties.co/blog/post/a-new-fancy-cat-has-joined-the-round-table-of-catelot?utm_campaign=breedersclub&#038;utm_source=newsletter&#038;utm_medium=email
osyem,https://www.cryptokitties.co/search?search=special:sparkles&#038;utm_campaign=breedersclub&#038;utm_source=newsletter&#038;utm_medium=email
download,https://meetdapper.com?utm_campaign=pinned&#038;utm_source=twitter&#038;utm_medium=organicsocial
amillykitties,https://www.cryptokitties.co/search?include=sale&#038;search=gen:1%20cooldown:fast&#038;utm_campaign=pinned&#038;utm_source=twitter&#038;utm_medium=organicsocial
discord,https://www.discord.gg/cryptokitties?utm_campaign=pinned&#038;utm_source=twitter&#038;utm_medium=organicsocial
startmeow,https://guide.cryptokitties.co/guide/getting-started?utm_campaign=pinned&#038;utm_source=twitter&#038;utm_medium=organicsocial
playcryptokitties,https://www.cryptokitties.co?utm_campaign=pinned&#038;utm_source=twitter&#038;utm_medium=organicsocial
1eypo,https://www.cryptokitties.co/events?utm_campaign=shiny&#038;utm_source=twitter&#038;utm_medium=organicsocial
4ewbj,https://www.cryptokitties.co/blog/post/ooooooh-shiny?utm_campaign=shiny&#038;utm_source=twitter&#038;utm_medium=organicsocial
h1h81,https://www.cryptokitties.co/profile/0xcc118f73dfde20a7724df87f82fc716f871a8feb?utm_campaign=breedersclub&#038;utm_source=email&#038;utm_medium=newsletter
4fueb,https://www.cryptokitties.co/blog/post/ooooooh-shiny?utm_campaign=breedersclub&#038;utm_source=email&#038;utm_medium=newsletter
t9xwh,https://www.cryptokitties.co/blog/post/a-new-fancy-cat-has-joined-the-round-table-of-catelot?utm_campaign=breedersclub&#038;utm_source=email&#038;utm_medium=newsletter
837az,https://support.dapperlabs.com/hc/en-us?utm_campaign=androidbeta1&#038;utm_source=email
v8iy5,https://play.google.com/apps/testing/com.dapperlabs.dapper?utm_campaign=androidbeta1&#038;utm_source=email
f65us,https://www.cryptokitties.co/kitty/1702019?utm_campaign=breedersclub&#038;utm_source=email&#038;utm_medium=newsletter
ebngk,https://www.cryptokitties.co/profile/0x307c94e43baec99a1e2e183c25a06dc24c8c5087?utm_campaign=breedersclub&#038;utm_source=email&#038;utm_medium=newsletter
rst49,https://www.cryptokitties.co/kitty/1699231?utm_campaign=breedersclub&#038;utm_source=email&#038;utm_medium=newsletter
fff8q,https://www.withflow.org?utm_campaign=flow-announcement&#038;utm_source=cktwitter&#038;utm_medium=organicsocial
227bq,https://www.withflow.org?utm_campaign=flow-announcement&#038;utm_source=dltwitter&#038;utm_medium=organicsocial
0nv8p,https://www.withflow.org?utm_campaign=flow-announcement&#038;utm_source=dlblog&#038;utm_medium=blog
7soj0,https://www.withflow.org?utm_campaign=flow-announcement&#038;utm_source=twitter&#038;utm_medium=organicsocial
58ho2,http://cryptokitties.co/blog/ohhhhh-shiny?utm_campaign=shiny&#038;utm_source=dedicatedemail&#038;utm_medium=email
mrr5e,http://cryptokitties.co?utm_campaign=flowlanding&#038;utm_source=landingpage
ig4o7,http://cryptokitties.com?utm_campaign=flowpage&#038;utm_source=landingpage
4jpe6,https://www.dapperlabs.com?utm_campaign=flowpage&#038;utm_source=landingpage
cc1bl,https://www.meetdapper.com?utm_campaign=briantest&#038;utm_source=test2&#038;utm_medium=test1
hello,https://www.meetdapper.com?utm_campaign=twitterprofile&#038;utm_source=twitter&#038;utm_medium=organicsocial
kosq1,https://www.cryptokitties.co/blog/post/our-latest-fancy-cat-robin-comes-with-a-contest?utm_campaign=breedersclub&#038;utm_source=newsletter&#038;utm_medium=email
6143s,https://www.dapperlabs.com/android?utm_campaign=support&#038;utm_source=twitter&#038;utm_medium=organicsocial
35kth,https://www.meetdapper.com/decentraland?utm_campaign=decentralanddrop2&#038;utm_source=decentraland&#038;utm_medium=web
qi2a5,https://www.meetdapper.com/decentraland?utm_campaign=decentralanddrop2&#038;utm_source=decentraland&#038;utm_medium=email
kmg2t,https://www.meetdapper.com/decentraland?utm_campaign=decentralanddrop2&#038;utm_source=decentraland&#038;utm_medium=social
ffj1y,https://www.cryptokitties.co/events?utm_campaign=bird&#038;utm_source=twitter&#038;utm_medium=organicsocial
s0433,https://www.meetdapper.com/install-chrome-extension?utm_campaign=ckwalletreminder&#038;utm_source=ckemail&#038;utm_medium=email
hh0ca,https://cryptokitties-app-beta-pr-2941.herokuapp.com/my-kitties/?redemption=redemptionCode1&#038;utm_source=&#038;utm_campaign=
g7o2b,https://cryptokitties-app-beta-pr-2941.herokuapp.com?utm_campaign=&#038;utm_source=
k5l6g,https://www.cryptokitties.co/blog/post/these-robokitty-purrstige-traits-will-unlock-new-features-in-other-dapps/?utm_campaign=breedersclub&#038;utm_source=newsletter&#038;utm_medium=email
x97qq,https://www.cryptokitties.co/events?utm_campaign=breedersclub&#038;utm_source=newsletter&#038;utm_medium=email
bcpsu,https://www.cryptokitties.co/search?include=sale,sire,other&#038;search=fancy:KittyFormerlyKnownasPrince&#038;utm_campaign=breedersclub&#038;utm_source=newsletter&#038;utm_medium=email
w8g0o,https://www.cryptokitties.co/search?include=sale,sire,other&#038;search=fancy:Pizzazz&#038;utm_campaign=breedersclub&#038;utm_source=email&#038;utm_medium=newsletter
zu0js,https://www.cryptokitties.co/search?include=sale,sire,other&#038;search=fancy:Pizzazz&#038;utm_campaign=breedersclub&#038;utm_source=email&#038;utm_medium=newsletter
9ji7h,https://www.cryptokitties.co/search?include=sale,sire,other&#038;search=fancy:Al&#038;utm_campaign=breedersclub&#038;utm_source=email&#038;utm_medium=newsletter
joifm,https://www.cryptokitties.co/search?include=sale,sire,other&#038;search=fancy:DJMeowlody&#038;utm_campaign=breedersclub&#038;utm_source=email&#038;utm_medium=newsletter
9luta,https://coinlist.co/build/cheezewizards?utm_campaign=cwhackathon&#038;utm_source=bvg-ethny&#038;utm_medium=email
obk6t,http://cheezewizards.com?utm_campaign=usv-blog&#038;utm_source=fredwilson&#038;utm_medium=blog
3faov,https://coinlist.co/build/cheezewizards?utm_campaign=cw-hackathon&#038;utm_source=bvg-ethny&#038;utm_medium=email
pm7ji,https://www.cryptokitties.co/blog/post/rock-out-with-our-latest-fancy-cat/?utm_campaign=breedersclub&#038;utm_source=newsletter&#038;utm_medium=email
9w0mo,https://www.cryptokitties.co/search?utm_campaign=breedersclub&#038;utm_source=email&#038;utm_medium=newsletter
dnzcb,https://www.cheezewizards.com/limited-edition/mold-magicians?utm_campaign=friends-of-cw&#038;utm_source=mack&#038;utm_medium=email
02lgu,https://www.cheezewizards.com/limited-edition/mold-magicians?utm_campaign=exclusive-wizards&#038;utm_source=mck1&#038;utm_medium=email
7slf2,https://www.cheezewizards.com/limited-edition/mold-magicians?utm_campaign=cwdrop&#038;utm_source=twitter&#038;utm_medium=organicsocial
st19s,https://www.cryptokitties.co/events?utm_campaign=musickitty&#038;utm_source=twitter&#038;utm_medium=organicsocial
iz48x,https://www.nbatopshot.com/?utm_campaign=nbaannouncement&#038;utm_source=discord&#038;utm_medium=ckdiscord
a1mpk,https://www.nbatopshot.com/?utm_campaign=nbaannouncement&#038;utm_source=dapperfacebook&#038;utm_medium=organicsocial
84fr8,https://www.nbatopshot.com/?utm_campaign=nbaannouncement&#038;utm_source=dappertwitter&#038;utm_medium=organicsocial
ghpox,https://www.nbatopshot.com/?utm_campaign=topshotannouncement&#038;utm_source=nbaannouncement&#038;utm_medium=twitter&#038;utm_term=organicsocial
1q2yo,https://www.cheezewizards.com/limited-edition/mold-magicians?utm_source=email&#038;utm_medium=newsletter&#038;utm_campaign=breedersclub
huvrh,https://www.meetdapper.com/decentraland?utm_campaign=decentralanddrop&#038;utm_source=facebook&#038;utm_medium=organicsocial
qi398,https://www.meetdapper.com/decentraland?utm_campaign=decentralanddrop&#038;utm_source=twitter&#038;utm_medium=organicsocial
n0m5g,https://www.cryptokitties.co/blog/post/use-curdlin-to-give-your-cheeze-wizards-some-kitty-flair/?utm_campaign=finalcurdlin&#038;utm_source=&#038;utm_medium=email
sed92,https://www.cryptokitties.co/blog/post/things-are-getting-cheezy-in-cryptokitties?utm_campaign=finalcurdlin&#038;utm_source=&#038;utm_medium=email
1f1bc,https://www.cryptokitties.co/search?include=sale&#038;search=fancy:Curdlin&#038;utm_campaign=finalcurdlin&#038;utm_source=&#038;utm_medium=email
2h7ng,https://www.meetdapper.com/decentraland?utm_campaign=decentralanddrop&#038;utm_source=decentraland&#038;utm_medium=website
9dqow,https://www.meetdapper.com/decentraland?utm_campaign=decentralanddrop&#038;utm_source=decentraland&#038;utm_medium=blog
0wvc1,https://www.meetdapper.com/decentraland?utm_campaign=decentralanddrop&#038;utm_source=decentraland&#038;utm_medium=email
89s73,https://www.meetdapper.com/decentraland?utm_campaign=decentralanddrop&#038;utm_source=decentraland&#038;utm_medium=social
mhts0,https://www.meetdapper.com/faq/eth?utm_campaign=supportt&#038;utm_source=twitter
2pvxq,https://www.meetdapper.com/faq/eth?utm_campaign=support&#038;utm_source=twitter
7pdvg,https://www.meetdapper.com/faq/eth?utm_campaign=moonpay&#038;utm_source=twitter&#038;utm_medium=organicsocial
uaje1,https://www.meetdapper.com/faq/eth?utm_campaign=moonpay&#038;utm_source=&#038;utm_medium=email
zthut,https://www.dapperlabs.com/android?utm_campaign=android&#038;utm_source=facebook&#038;utm_medium=organicsocial
9awlf,https://www.cryptokitties.co/profile/0xf83dcc7c68fb3d40049935096594288641eadcea/collections/2544?utm_campaign=breedersclub&#038;utm_source=newsletter&#038;utm_medium=email
s996r,https://www.cryptokitties.co/search?include=sale,sire,other&#038;search=fancy:Catyrax&#038;utm_campaign=breedersclub&#038;utm_source=newsletter&#038;utm_medium=email
t9mek,https://www.cryptokitties.co/search?include=sale,sire,other&#038;search=fancy:PoisonOrchid&#038;utm_campaign=breedersclub&#038;utm_source=newsletter&#038;utm_medium=email
tpy9a,https://www.cryptokitties.co/blog/?utm_campaign=breedersclub&#038;utm_source=newsletter&#038;utm_medium=email
avt3j,https://www.cryptokitties.co/blog/post/meet-the-master-of-the-ninja-cats?utm_campaign=poisonorchid&#038;utm_source=facebook&#038;utm_medium=organicsocial
e2gc2,https://www.cryptokitties.co/blog/post/meet-the-master-of-the-ninja-cats?utm_campaign=poisonorchid&#038;utm_source=twitter&#038;utm_medium=organicsocial
czom2,https://dapperlabs.com/android?utm_campaign=android&#038;utm_source=twitter&#038;utm_medium=organicsocial
v3n1g,https://www.meetdapper.com/android?utm_campaign=android&#038;utm_source=instagram&#038;utm_medium=organicsocial
yfkko,https://www.meetdapper.com/android?utm_campaign=android&#038;utm_source=facebook&#038;utm_medium=organicsocial
kojyw,https://www.meetdapper.com/android?utm_campaign=android&#038;utm_source=twitter&#038;utm_medium=organicsocial
g6xzp,https://www.cryptokitties.co/blog/post/catyrax-the-third-ninja-cat-has-struck?utm_campaign=catyrax&#038;utm_source=facebook&#038;utm_medium=organicsocial
ay9qa,https://www.cryptokitties.co/blog/post/catyrax-the-third-ninja-cat-has-struck?utm_campaign=catyrax&#038;utm_source=twitter&#038;utm_medium=organicsocial
dadvx,https://www.cryptokitties.co/events?utm_campaign=catyrax&#038;utm_source=facebook&#038;utm_medium=organicsocial
inzuf,https://www.cryptokitties.co/events?utm_campaign=catyrax&#038;utm_source=instagram&#038;utm_medium=organicsocial
bj733,https://www.cryptokitties.co/events?utm_campaign=catyrax&#038;utm_source=twitter&#038;utm_medium=organicsocial
12s0q,https://www.cryptokitties.co/profile/0x9d05c576f27c03d2b0aafe6ac8ac0d1e3e51abf4/collections/4674?utm_campaign=breedersclub&#038;utm_source=email&#038;utm_medium=newsletter
yurtg,https://www.cryptokitties.co/profile/0x724e6e1a2e60a2d6f936bdf399a061f39005ac68/collections/4750?utm_campaign=breedersclub&#038;utm_source=email&#038;utm_medium=newsletter
afxg2,https://www.cryptokitties.co/profile/0x81369699f67ffca0048ac17d7c68107c1b5aad20/collections/4707?utm_campaign=breedersclub&#038;utm_source=email&#038;utm_medium=newsletter
fg4al,https://www.cryptokitties.co/profile/0xde921fca9ac6d1676c52f3851d4d52e301d73664/collections/4730?utm_campaign=breedersclub&#038;utm_source=email&#038;utm_medium=newsletter
tfsd1,https://www.cryptokitties.co/blog/post/catamari-makes-a-splash-in-cryptokitties/?utm_campaign=catamari&#038;utm_source=instagram&#038;utm_medium=organicsocial
3hsgf,https://www.cryptokitties.co/?utm_campaign=collections2&#038;utm_source=newsletter&#038;utm_medium=email
7e3y6,https://www.cryptokitties.co/blog/post/use-curdlin-to-give-your-cheeze-wizards-some-kitty-flair?utm_campaign=cwcurdlin&#038;utm_source=instagram&#038;utm_medium=organicsocial
gju97,https://www.cryptokitties.co/blog/post/use-curdlin-to-give-your-cheeze-wizards-some-kitty-flair?utm_campaign=cwcurdlin&#038;utm_source=facebook&#038;utm_medium=organicsocial
w2cfj,https://www.cryptokitties.co/blog/post/catamari-makes-a-splash-in-cryptokitties?utm_campaign=breedersclub&#038;utm_source=email&#038;utm_medium=newsletter
c0fhg,https://www.cryptokitties.co/blog/post/use-curdlin-to-give-your-cheeze-wizards-some-kitty-flair?utm_campaign=breedersclub&#038;utm_source=email&#038;utm_medium=newsletter
0zdhg,https://www.cryptokitties.co/blog/post/use-curdlin-to-give-your-cheeze-wizards-some-kitty-flair?utm_campaign=cwcurdlin&#038;utm_source=cwdiscord&#038;utm_medium=organicsocial
qyhp9,https://www.cryptokitties.co/blog/post/use-curdlin-to-give-your-cheeze-wizards-some-kitty-flair?utm_campaign=cwcurdlin&#038;utm_source=discord&#038;utm_medium=organicsocial
vo0nb,https://www.cryptokitties.co/blog/post/introducing-kitty-tricks?utm_campaign=cwcurdlin&#038;utm_source=discord&#038;utm_medium=organicsocial
lwrj5,https://www.cryptokitties.co/blog/post/introducing-kitty-tricks?utm_campaign=cwcurdlin&#038;utm_source=twitter&#038;utm_medium=organicsocial
wb5ty,https://www.cryptokitties.co/blog/post/use-curdlin-to-give-your-cheeze-wizards-some-kitty-flair?utm_campaign=cwcurdlin&#038;utm_source=twitter&#038;utm_medium=organicsocial
gd0gy,https://www.cryptokitties.co/blog/post/use-curdlin-to-give-your-cheeze-wizards-some-kitty-flair?utm_campaign=cwcurdlin&#038;utm_source=cwtwitter&#038;utm_medium=organicsocial
yswk4,https://www.cryptokitties.co/blog/post/use-curdlin-to-give-your-cheeze-wizards-some-kitty-flair?utm_campaign=cwcurdlin&#038;utm_source=cwemail&#038;utm_medium=email
lubpr,https://cheezewizards.com?utm_campaign=cwcurdlin&#038;utm_source=email&#038;utm_medium=email
ncxea,https://www.cryptokitties.co/blog/post/introducing-kitty-tricks?utm_campaign=cwcurdlin&#038;utm_source=email&#038;utm_medium=email
3kw09,https://www.cryptokitties.co/blog/post/use-curdlin-to-give-your-cheeze-wizards-some-kitty-flair?utm_campaign=cwcurdlin&#038;utm_source=email&#038;utm_medium=email
7r7gw,https://www.cryptokitties.co/blog/post/catamari-makes-a-splash-in-cryptokitties/?utm_campaign=catamari&#038;utm_source=twitter&#038;utm_medium=organicsocial
quhy8,https://www.meetdapper.com?utm_campaign=googlsync&#038;utm_source=twitter&#038;utm_medium=organicsocial
ckdiscord,https://discord.gg/cryptokitties?utm_campaign=twitterdiscord&#038;utm_source=twitter&#038;utm_medium=organicsocial
cryptokitties,https://www.cryptokitties.co/?utm_campaign=twitterprofile&#038;utm_source=twitter&#038;utm_medium=organicsocial
eg0fx,https://www.cryptokitties.co/events?utm_campaign=kraken2&#038;utm_source=facebook&#038;utm_medium=organicsocial
e3aix,https://www.cryptokitties.co/events?utm_campaign=kraken2&#038;utm_source=twitter&#038;utm_medium=organicsocial
zv9km,https://www.cryptokitties.co/blog/post/the-werekitty-purrstige-trait-gives-your-cats-some-monster-flair?utm_campaign=werekitty&#038;utm_source=facebook&#038;utm_medium=organicsocial
xuuru,https://www.cryptokitties.co/blog/post/the-werekitty-purrstige-trait-gives-your-cats-some-monster-flair?utm_campaign=werekitty&#038;utm_source=twitter&#038;utm_medium=organicsocial
eey45,https://www.cryptokitties.co/blog/post/the-werekitty-purrstige-trait-gives-your-cats-some-monster-flair?utm_campaign=werekitty&#038;utm_source=instagram&#038;utm_medium=organicsocial
fpzln,https://www.cryptokitties.co/blog/post/the-werekitty-purrstige-trait-gives-your-cats-some-monster-flair/?utm_campaign=+breedersclub&#038;utm_source=newsletter&#038;utm_medium=email
jt3jc,https://www.cryptokitties.co/search?include=sale,sire,other&#038;search=fancy:Raspoutine&#038;utm_campaign=canada&#038;utm_source=twitter&#038;utm_medium=organicsocial
vz2bh,https://www.cryptokitties.co/kitty/1636054?utm_campaign=werekitty&#038;utm_source=twitter&#038;utm_medium=organicsocial
c26ve,https://www.cryptokitties.co/events?utm_campaign=mibs&#038;utm_source=instagram&#038;utm_medium=organicsocial
140my,https://www.cryptokitties.co/events?utm_campaign=mibs&#038;utm_source=facebook&#038;utm_medium=organicsocial
kxs07,https://www.cryptokitties.co/events?utm_campaign=mibs&#038;utm_source=twitter&#038;utm_medium=organicsocial
bttwh,https://www.cryptokitties.co/events?utm_campaign=breedersclub&#038;utm_source=email&#038;utm_medium=newsletter
a0cbg,https://www.meetdapper.com?utm_campaign=mchpr&#038;utm_source=mch&#038;utm_medium=pr
4bl5p,https://www.cryptokitties.co/blog/post/a-cryptokitty-riding-a-cryptopig-that&#039;s-now-possible-with-dapper-and-crypt?utm_campaign=breedersclub&#038;utm_source=email&#038;utm_medium=newsletter
8f4w2,https://www.cryptokitties.co/blog/post/our-latest-fancy-cat-is-too-hot-to-handle?utm_campaign=breedersclub&#038;utm_source=email&#038;utm_medium=newsletter
9y3tx,https://www.cryptokitties.co/events?utm_campaign=marbles&#038;utm_source=facebook&#038;utm_medium=organicsocial
j2h4g,https://www.cryptokitties.co/events?utm_campaign=marbles&#038;utm_source=twitter&#038;utm_medium=organicsocial
careers,https://www.cryptokitties.co/careers
nqekk,https://www.cryptokitties.co/blog/post/our-latest-fancy-cat-is-too-hot-to-handle/?utm_campaign=magmeow&#038;utm_source=instagram&#038;utm_medium=organicsocial
5tt3q,https://www.cryptokitties.co/blog/post/our-latest-fancy-cat-is-too-hot-to-handle/?utm_campaign=magmeow&#038;utm_source=facebook&#038;utm_medium=organicsocial
o91ys,https://www.cryptokitties.co/blog/post/our-latest-fancy-cat-is-too-hot-to-handle/?utm_campaign=magmeow&#038;utm_source=twitter&#038;utm_medium=organicsocial
f26lk,https://www.meetdapper.com/?utm_campaign=0xresponse&#038;utm_source=twitter&#038;utm_medium=organicsocial
5m1tc,https://www.meetdapper.com/security?utm_campaign=rescuekit&#038;utm_source=twitter&#038;utm_medium=organicsocial
ekzgt,https://www.cryptokitties.co/events?utm_campaign=magmeow&#038;utm_source=twitter&#038;utm_medium=organicsocial
bymu5,https://www.cryptokitties.co/blog/post/things-are-getting-cheezy-in-cryptokitties?utm_campaign=breedersclub&#038;utm_source=email&#038;utm_medium=newsletter
at0nc,https://www.cheezewizards.com/?utm_source=email&#038;utm_campaign=breedersclub&#038;utm_medium=newsletter
9kqw6,https://www.cryptokitties.co/search?include=sale,sire,other&#038;search=fancy:Curdlin&#038;utm_campaign=breedersclub&#038;utm_source=email&#038;utm_medium=newsletter
8ku8n,https://www.cryptokitties.co/search?include=sale,sire,other&#038;search=fancy:Curdlin&#038;utm_campaign=&#038;utm_source=
s0lzy,https://www.cryptokitties.co/blog/post/a-cryptokitty-riding-a-cryptopig-that&#039;s-now-possible-with-dapper-and-crypt?utm_campaign=cryptooink&#038;utm_source=email
lhuuk,https://www.cryptokitties.co/blog/post/a-cryptokitty-riding-a-cryptopig-that&#039;s-now-possible-with-dapper-and-crypt?utm_campaign=cryptooink&#038;utm_source=facebook&#038;utm_medium=organicsocial
ni0rx,https://www.cryptokitties.co/blog/post/a-cryptokitty-riding-a-cryptopig-that&#039;s-now-possible-with-dapper-and-crypt?utm_campaign=cryptooink&#038;utm_source=twitter&#038;utm_medium=organicsocial
2vs9c,https://www.cryptokitties.co?utm_campaign=cryptooink&#038;utm_source=cryptooink&#038;utm_medium=email
0qhod,https://www.cryptokitties.co?utm_campaign=cryptooink&#038;utm_source=cryptooink&#038;utm_medium=page
mcbj8,https://www.cryptokitties.co?utm_campaign=cryptoooink&#038;utm_source=cryptooink&#038;utm_medium=organicsocial
z8ozf,https://chrome.google.com/webstore/detail/dapper/pghmmgdinmfblodenlenkcnmndlnffeo?hl=en&#038;utm_campaign=googlesupport&#038;utm_source=email
ftge3,https://www.cryptokitties.co/leaderboards/prairierose-cup?utm_campaign=prairierose&#038;utm_source=instagram&#038;utm_medium=organicsocial
d6h6b,https://www.cryptokitties.co/leaderboards/prairierose-cup?utm_campaign=prairierose&#038;utm_source=twitter&#038;utm_medium=organicsocial
roadmap,https://docs.google.com/spreadsheets/d/15JcLnQsIA6YwxVhyzNXDLTmYAO23Oc-nzn3vDrkKp00/edit#gid=719712371
ybn0f,https://www.cryptokitties.co/leaderboards/pearl-cup?utm_campaign=pearl&#038;utm_source=instagram&#038;utm_medium=organicsocial
0s174,https://www.cryptokitties.co/leaderboards/pearl-cup?utm_campaign=pearl&#038;utm_source=twitter&#038;utm_medium=organicsocial
2ytb4,https://www.cryptokitties.co/blog/post/a-meowing-monster-is-terrorizing-cryptokitties?utm_campaign=kitijira&#038;utm_source=email
4hlci,https://www.cryptokitties.co/blog/post/a-meowing-monster-is-terrorizing-cryptokitties?utm_campaign=kitijira&#038;utm_source=twitter&#038;utm_medium=organicsocial
hncsn,https://www.cryptokitties.co/events?utm_campaign=kitijira&#038;utm_source=twitter&#038;utm_medium=organicsocial
ww34w,https://github.com/dapperlabs/cryptokitties-bounty-2
gyou0,https://etherscan.io/address/0x57831a0c76ba6b4fdcbadd6cb48cb26e8fc15e93#code
quehy,https://www.cryptokitties.co/blog/post/use-your-cryptokitties-in-decentraland?utm_campaign=decentraland&#038;utm_source=twitter&#038;utm_medium=organicsocial
tezuk,https://www.cryptokitties.co/blog/post/play-with-dapper-and-win-exclusive-cats/?utm_campaign=leaderboard&#038;utm_source=twitter&#038;utm_medium=organicsocial&#038;utm_content=pearlcup
pearlcup,https://www.cryptokitties.co/leaderboards/pearl-cup?utm_campaign=leaderboard&#038;utm_source=twitter&#038;utm_medium=organicsocial&#038;utm_content=pearlcup
1j2rt,https://www.cryptokitties.co/blog/post/play-with-dapper-and-win-exclusive-cats/?utm_campaign=leaderboard&#038;utm_source=instagram&#038;utm_medium=organicsocial&#038;utm_content=pearlcup
42wof,https://www.meetdapper.com?utm_campaign=dappervideo2&#038;utm_source=facebook&#038;utm_medium=organicsocial
ubc,https://www.meetdapper.com/install-chrome-extension/?utm_campaign=ubc_blockchain&#038;utm_source=ubc_blockchain&#038;utm_medium=page
1bl25,https://medium.com/dapperlabs/introducing-dappers-multi-device-support-db6b4f53fb?utm_campaign=blog&#038;utm_source=medium&#038;utm_medium=twitter
6n5rp,https://www.meetdapper.com?utm_campaign=gif&#038;utm_source=twitter&#038;utm_medium=organicsocial
9xtm0,https://www.meetdapper.com?utm_campaign=multi&#038;utm_source=twitter&#038;utm_medium=organicsocial
c6k5y,https://www.meetdapper.com?utm_campaign=youtube&#038;utm_source=youtubead&#038;utm_medium=youtube
i2m6p,https://www.meetdapper.com?utm_campaign=youtube&#038;utm_source=youtube&#038;utm_medium=description
0glor,https://www.cryptokitties.co/blog/post/bring-your-cryptokitties-to-dapper?utm_campaign=transfer&#038;utm_source=twitter&#038;utm_medium=organicsocial
lpc8h,https://meetdapper.com?utm_campaign=dappervideo2&#038;utm_source=twitter&#038;utm_medium=organicsocial
1guuw,https://meetdapper.com?utm_campaign=andres&#038;utm_source=twitter&#038;utm_medium=organicsocial
9ufup,https://www.cryptokitties.co/events?utm_campaign=ninja2&#038;utm_source=twitter&#038;utm_medium=organicsocial
4e8gv,https://www.cryptokitties.co/blog/post/play-with-dapper-and-win-exclusive-cats?utm_campaign=leaderboard&#038;utm_source=twitter&#038;utm_medium=organicsocial
018f4,https://www.cryptokitties.co/blog/post/cryptokitties-take-over-megacryptopolis?utm_campaign=mcp&#038;utm_source=twitter&#038;utm_medium=organicsocial
6ylj9,http://dsfsd?utm_campaign=fsdfs&#038;utm_source=sdfs&#038;utm_medium=sdfs&#038;utm_term=sdf&#038;utm_content=sdfs
8dvvx,https://www.cryptokitties.co/blog/post/11-dapp-ideas-for-you-to-steal?utm_campaign=ethny&#038;utm_source=twitter&#038;utm_medium=organicsocial
ethny,https://meetdapper.com?utm_campaign=ethy&#038;utm_source=twitter&#038;utm_medium=organicsocial
meetup,https://www.eventbrite.com/e/nft-dev-meetup-x-dapper-labs-opensea-quantstamp-superrare-unlock-tickets-61273128577?utm_source=NYC%20events&#038;utm_medium=in-person&#038;utm_campaign=east-meets-west
ndibe,https://meetdapper.com?utm_campaign=mch&#038;utm_source=twitter&#038;utm_medium=organicsocial
hzw3z,https://www.cryptokitties.co/blog/post/things-are-getting-cheezy-in-cryptokitties/?utm_campaign=cheeze&#038;utm_source=twitter&#038;utm_medium=organicsocial
pvx3x,https://www.cryptokitties.co/blog/post/things-are-getting-cheezy-in-cryptokitties/?utm_campaign=curdlin&#038;utm_source=twitter&#038;utm_medium=organicsocial
rwi7h,https://www.meetdapper.com?utm_campaign=etheremonlaunch&#038;utm_source=twitter&#038;utm_medium=organicsocial
consensus,https://chrome.google.com/webstore/detail/dapper/pghmmgdinmfblodenlenkcnmndlnffeo?utm_campaign=consensus&#038;utm_source=consensus&#038;utm_medium=swagbag
b00ca,https://www.meetdapper.com?utm_campaign=decentraland&#038;utm_source=twitter&#038;utm_medium=organicsocial
um8ib,https://www.meetdapper.com?utm_campaign=leaderboards&#038;utm_source=twitter&#038;utm_medium=organicsocial
q1a5w,https://www.cryptokitties.co/blog/post/play-with-dapper-and-win-exclusive-cats?utm_campaign=leaderboards&#038;utm_source=twitter&#038;utm_medium=organicsocial
couture,https://medium.com/dapperlabs/dapper-labs-x-the-fabricant-x-johanna-jaskowska-ss19-iridescence-3ebe00e76b06?source=friends_link&#038;sk=c522c13cadf3b2e434070a06bb289319
meetdapper,https://medium.com/dapperlabs/meet-dapper-a-smart-wallet-to-make-blockchain-safe-for-everyone-dde9a1d603c1?source=friends_link&#038;sk=482f45a7444f81ead040be350cbdba4e
dapperdownload,https://www.meetdapper.com?utm_campaign=public&#038;utm_source=twitter&#038;utm_medium=organicsocial&#038;utm_content=video
producthunt,https://www.meetdapper.com/install-chrome-extension?utm_campaign=producthunt&#038;utm_source=page&#038;utm_medium=organic
leaderboards,https://www.cryptokitties.co/leaderboards/scarlet-cup?utm_campaign=leaderboard&#038;utm_source=twitter&#038;utm_medium=organicsocial
lucidinstalls,https://www.meetdapper.com/install-chrome-extension?utm_campaign=lucidsight&#038;utm_source=lucidsight&#038;utm_medium=social
lucidinstallp,https://www.meetdapper.com/install-chrome-extension?utm_campaign=lucidsight&#038;utm_source=lucidsight&#038;utm_medium=page
luciddle,https://www.meetdapper.com/install-chrome-extension?utm_campaign=lucidsight&#038;utm_source=lucidsight&#038;utm_medium=email
lucidinstalle,https://www.meetdapper.com/?utm_campaign=lucidsight&#038;utm_source=lucidsight&#038;utm_medium=email
owlinstalls,https://www.meetdapper.com/install-chrome-extension?utm_campaign=pixowl&#038;utm_source=pixowl&#038;utm_medium=social
owlinstallp,https://www.meetdapper.com/install-chrome-extension?utm_campaign=pixowl&#038;utm_source=pixowl&#038;utm_medium=page
owlinstalle,https://www.meetdapper.com/install-chrome-extension?utm_campaign=pixowl&#038;utm_source=pixowl&#038;utm_medium=email
openseadls,https://www.meetdapper.com/install-chrome-extension?utm_campaign=opensea&#038;utm_source=opensea&#038;utm_medium=social
openseainstalls,https://www.meetdapper.com/?utm_campaign=opensea&#038;utm_source=opensea&#038;utm_medium=social
openseainstallp,https://www.meetdapper.com/install-chrome-extension?utm_campaign=opensea&#038;utm_source=opensea&#038;utm_medium=page
openseainstalle,https://www.meetdapper.com/install-chrome-extension?utm_campaign=opensea&#038;utm_source=opensea&#038;utm_medium=email
guinstalls,https://www.meetdapper.com/install-chrome-extension?utm_campaign=godsunchained2&#038;utm_source=godsunchained2&#038;utm_medium=social
guinstallp,https://www.meetdapper.com/install-chrome-extension?utm_campaign=godsunchained2&#038;utm_source=godsunchained2&#038;utm_medium=page
guinstalle,https://www.meetdapper.com/install-chrome-extension?utm_campaign=godsunchained2&#038;utm_source=godsunchained2&#038;utm_medium=email
bccinstalls,https://www.meetdapper.com/install-chrome-extension?utm_campaign=bcc&#038;utm_source=bcc&#038;utm_medium=social
bccinstallp,https://www.meetdapper.com/install-chrome-extension?utm_campaign=bcc&#038;utm_source=bcc&#038;utm_medium=page
bccinstalle,https://www.meetdapper.com/install-chrome-extension?utm_campaign=bcc&#038;utm_source=bcc&#038;utm_medium=email
dragoninstalls,https://www.meetdapper.com/install-chrome-extension?utm_campaign=hyperdragons&#038;utm_source=hyperdragons&#038;utm_medium=social
dragoninstalle,https://www.meetdapper.com/install-chrome-extension?utm_campaign=hyperdragons&#038;utm_source=hyperdragons&#038;utm_medium=email
dragoninstallp,https://www.meetdapper.com/install-chrome-extension?utm_campaign=hyperdragons&#038;utm_source=hyperdragons&#038;utm_medium=page
f1installs,https://www.meetdapper.com/install-chrome-extension?utm_campaign=f1&#038;utm_source=f1&#038;utm_medium=social
f1installp,https://www.meetdapper.com/install-chrome-extension?utm_campaign=f1&#038;utm_source=f1&#038;utm_medium=page
f1installe,https://www.meetdapper.com/install-chrome-extension?utm_campaign=f1&#038;utm_source=f1&#038;utm_medium=email
oinkinstalle,https://www.meetdapper.com/install-chrome-extension?utm_campaign=cryptooink&#038;utm_source=cryptooink&#038;utm_medium=email
oinkinstalls,https://www.meetdapper.com/install-chrome-extension?utm_campaign=cryptooink&#038;utm_source=cryptooink&#038;utm_medium=social
oinkinstallp,https://www.meetdapper.com/install-chrome-extension?utm_campaign=cryptooink&#038;utm_source=cryptooink&#038;utm_medium=page
mchinstallemail,https://www.meetdapper.com/install-chrome-extension?utm_campaign=mch&#038;utm_source=mch&#038;utm_medium=email
mchinstalle,https://www.meetdapper.com/install-chrome-extension/?utm_campaign=mch&#038;utm_source=mch&#038;utm_medium=email
mchinstalls,https://www.meetdapper.com/install-chrome-extension/?utm_campaign=mch&#038;utm_source=mch&#038;utm_medium=social
mchinstallp,https://www.meetdapper.com/install-chrome-extension?utm_campaign=mch&#038;utm_source=mch&#038;utm_medium=page
seethruclub,https://seethruclub.com/?utm_campaign=seethruclub&#038;utm_source=organicsocial&#038;utm_medium=twitter
ethinstalls,https://www.meetdapper.com/install-chrome-extension/?utm_campaign=etheremon&#038;utm_source=etheremon&#038;utm_medium=social
ethinstallp,https://www.meetdapper.com/install-chrome-extension/?utm_campaign=etheremon&#038;utm_source=etheremon&#038;utm_medium=page
ethinstalle,https://www.meetdapper.com/install-chrome-extension/?utm_campaign=etheremon&#038;utm_source=etheremon&#038;utm_medium=email
dclinstalls,https://www.meetdapper.com/install-chrome-extension?utm_campaign=decentraland&#038;utm_source=decentraland&#038;utm_medium=social
dclinstallp,https://www.meetdapper.com/install-chrome-extension?utm_campaign=decentraland&#038;utm_source=decentraland&#038;utm_medium=page
dclinstalle,https://www.meetdapper.com/install-chrome-extension?utm_campaign=decentraland&#038;utm_source=decentraland&#038;utm_medium=email
mcpinstalls,https://www.meetdapper.com/install-chrome-extension?utm_campaign=mcp&#038;utm_source=mcp&#038;utm_medium=social
mcpinstallp,https://www.meetdapper.com/install-chrome-extension?utm_campaign=mcp&#038;utm_source=mcp&#038;utm_medium=page
mcpinstalle,https://www.meetdapper.com/install-chrome-extension?utm_campaign=mcp&#038;utm_source=mcp&#038;utm_medium=email
kfeao,https://www.meetdapper.com?utm_campaign=lucidsight&#038;utm_source=lucidsight&#038;utm_medium=email
r044n,https://www.meetdapper.com?utm_campaign=lucidsight&#038;utm_source=lucidsight&#038;utm_medium=social
2wyvs,https://www.meetdapper.com?utm_campaign=lucidsight&#038;utm_source=lucidsight&#038;utm_medium=page
ja8pq,https://www.meetdapper.com?utm_campaign=pixowl&#038;utm_source=pixowl&#038;utm_medium=email
pqyea,https://www.meetdapper.com?utm_campaign=pixowl&#038;utm_source=pixowl&#038;utm_medium=social
wizzy,https://www.meetdapper.com?utm_campaign=pixowl&#038;utm_source=pixowl&#038;utm_medium=page
mnnvx,https://www.meetdapper.com?utm_campaign=opensea&#038;utm_source=opensea&#038;utm_medium=email
opensocial,https://www.meetdapper.com?utm_campaign=opensea&#038;utm_source=opensea&#038;utm_medium=social
opensea,https://www.meetdapper.com?utm_campaign=opensea&#038;utm_source=opensea&#038;utm_medium=page
lnvsv,https://www.meetdapper.com?utm_campaign=godsunchained2&#038;utm_source=godsunchained2&#038;utm_medium=email
gusocial,https://www.meetdapper.com?utm_campaign=godsunchained2&#038;utm_source=godsunchained2&#038;utm_medium=social
godsunchained,https://www.meetdapper.com?utm_campaign=godsunchained2&#038;utm_source=godsunchained2&#038;utm_medium=page
k2e15,https://www.meetdapper.com?utm_campaign=bcc&#038;utm_source=bcc&#038;utm_medium=email
ocyn4,https://www.meetdapper.com?utm_campaign=bcc&#038;utm_source=bcc&#038;utm_medium=social
cuties,https://www.meetdapper.com?utm_campaign=bcc&#038;utm_source=bcc&#038;utm_medium=page
kb0oc,https://www.meetdapper.com?utm_campaign=hyperdragons&#038;utm_source=hyperdragons&#038;utm_medium=email
hdsocial,https://www.meetdapper.com?utm_campaign=hyperdragons&#038;utm_source=hyperdragons&#038;utm_medium=social
hyperdragons,https://www.meetdapper.com?utm_campaign=hyperdragons&#038;utm_source=hyperdragons&#038;utm_medium=page
d0uwr,https://www.meetdapper.com?utm_campaign=mch&#038;utm_source=mch&#038;utm_medium=email
9hdx7,https://www.meetdapper.com?utm_campaign=mch&#038;utm_source=mch&#038;utm_medium=social
mchdapper,https://www.meetdapper.com?utm_campaign=mch&#038;utm_source=mch&#038;utm_medium=page
ethermonsocial,https://www.meetdapper.com?utm_campaign=etheremon&#038;utm_source=etheremon&#038;utm_medium=social
ethmn,https://www.meetdapper.com?utm_campaign=etheremon&#038;utm_source=etheremon&#038;utm_medium=email
etheremon,https://www.meetdapper.com?utm_campaign=etheremon&#038;utm_source=etheremon&#038;utm_medium=page
f1social,https://www.meetdapper.com?utm_campaign=f1&#038;utm_source=f1&#038;utm_medium=social
f1email,https://www.meetdapper.com?utm_campaign=f1&#038;utm_source=f1&#038;utm_medium=email
chrome,http://www.meetdapper.com/install-chrome-extension
iridescenceinstagram,https://www.instagram.com/johwska/
f1dapper,https://www.meetdapper.com?utm_campaign=f1&#038;utm_source=f1&#038;utm_medium=page
cryptooinkemail,https://www.meetdapper.com?utm_campaign=cryptooink&#038;utm_source=cryptooink&#038;utm_medium=email
crptnk,https://www.meetdapper.com?utm_campaign=cryptooink&#038;utm_source=cryptooink&#038;utm_medium=social
cryptooink,https://www.meetdapper.com?utm_campaign=cryptooink&#038;utm_source=cryptooink&#038;utm_medium=page
dctrlndemail,https://www.meetdapper.com?utm_campaign=decentraland&#038;utm_source=decentraland&#038;utm_medium=email
dctrlnd,https://www.meetdapper.com?utm_campaign=decentraland&#038;utm_source=decentraland&#038;utm_medium=social
decentraland,https://www.meetdapper.com?utm_campaign=decentraland&#038;utm_source=decentraland&#038;utm_medium=page
mcpemail,https://www.meetdapper.com?utm_campaign=mcp&#038;utm_source=mcp&#038;utm_medium=email
mcpdapper,https://www.meetdapper.com?utm_campaign=mcp&#038;utm_source=mcp&#038;utm_medium=social
megacryptopolis,https://www.meetdapper.com?utm_campaign=mcp&#038;utm_source=mcp&#038;utm_medium=page
faq2,https://www.meetdapper.com/faq/start?utm_campaign=faq2&#038;utm_source=social&#038;utm_medium=support
faq1,https://www.meetdapper.com/faq/start?utm_campaign=faq1&#038;utm_source=email&#038;utm_medium=support
prohun,https://meetdapper.com?utm_campaign=producthunt&#038;utm_source=producthunt&#038;utm_medium=producthunt
gitcoin,https://meetdapper.com?utm_campaign=gitcoin&#038;utm_source=gitcoin&#038;utm_medium=blog
a0g0b,http://vsdsd?utm_campaign=fsdf&#038;utm_source=fdsfsd&#038;utm_medium=dsfds&#038;utm_term=fsdf&#038;utm_content=dsf
newyork,https://meetdapper.com?utm_campaign=newyork&#038;utm_source=card&#038;utm_medium=live
nyc2019,https://meetdapper.com?utm_campaign=nyc2019&#038;utm_source=live&#038;utm_medium=card
iridescence,https://portion.io/index.html#exchange?ID=0xe199a61aa840bc6672ea04415a23e67165931795&#038;utm_campaign=iridescence&#038;utm_source=email_image
tkn2019,https://www.meetdapper.com?utm_campaign=tkn2019&#038;utm_source=tokensummit
usv2019,https://www.meetdapper.com/install-chrome-extension
ll8ws,https://chrome.google.com/webstore/detail/dapper/pghmmgdinmfblodenlenkcnmndlnffeo?utm_campaign=&#038;utm_source=card
le2vz,https://chrome.google.com/webstore/detail/dapper/pghmmgdinmfblodenlenkcnmndlnffeo?utm_campaign=usv&#038;utm_source=card&#038;utm_medium=live
jsd1a,https://www.meetdapper.com?utm_campaign=usv&#038;utm_source=cards&#038;utm_medium=live
c4yx5,http://www.meetdapper.com?utm_campaign=cards&#038;utm_source=live
nuump,http://www.meetdapper.com?utm_campaign=cards&#038;utm_source=
7nhi8,https://www.cryptokitties.co/?utm_campaign=dsfds&#038;utm_source=fsd&#038;utm_medium=fds
lxayk,http://dgs?utm_campaign=hgj&#038;utm_source=gkk&#038;utm_medium=kgk&#038;utm_term=kg&#038;utm_content=kgk
nxo3z,https://www.cryptokitties.co/?utm_campaign=&#038;utm_source=
ivhp4,http://cryptokitties.co/kitty/12?utm_campaign=test&#038;utm_source=google
aje1z,http://cryptokitties.co?utm_campaign=lilbub&#038;utm_source=google&#038;utm_medium=blog
pngp9,https://www.cryptokitties.co/?utm_campaign=gods-unchained&#038;utm_source=facebook&#038;utm_medium=post
29viw,http://dsfsd?utm_campaign=&#038;utm_source=sfs&#038;utm_term=fsdfs&#038;utm_content=sfsd
j9khf,http://dsfsd?utm_campaign=fsfds&#038;utm_source=sfs&#038;utm_medium=sfsd&#038;utm_term=fsdfs&#038;utm_content=sfsd
nvp9i,http://cryptokitties.co?utm_campaign=lilbub&#038;utm_source=cryptokitties.co&#038;utm_medium=blog
zu41c,https://www.cryptokitties.co?utm_campaign=lilbub&#038;utm_source=
vbbos,https://www.cryptokitties.co?utm_campaign=dapperlabs&#038;utm_source=dapperlabs.com&#038;utm_medium=website
76rd9,https://www.cryptokitties.co?utm_campaign=lilbub&#038;utm_source=google
qax3e,https://www.cryptokitties.co?utm_campaign=dapperlabs&#038;utm_source=cryptokitties.co
301tg,https://www.cryptokitties.co?utm_campaign=lilbub&#038;utm_source=cryptokitties.co&#038;utm_medium=blog
m8fnz,http://?utm_campaign=&#038;utm_source=
vga56,https://www.cryptokitties.co/?utm_campaign=test&#038;utm_source=
uimrs,https://cryptokittties.com?utm_campaign=&#038;utm_source=google&#038;utm_medium=email&#038;utm_term=bub
0gxgj,https://cryptokittties.com?utm_campaign=&#038;utm_source=google&#038;utm_term=bub
yldl7,https://cryptokittties.com?utm_campaign=lilbub&#038;utm_source=google&#038;utm_medium=email&#038;utm_term=bub
lk5ne,http://apple.com?a=13
2iujy,http://apple.com?a=12
chzwiz,https://cheezewizards.com/
andrewooo,https://docs.google.com/spreadsheets/d/1azVsZ7HUXo4CZszRrqJCWunR6l1TEZNxWJtGQPqaaqo/edit#gid=0
youtube,https://www.youtube.com/channel/UCPwvf7JOfZoqMw6TBp-a4GQ
6,http://apple.com?utm_campaign=test+camp2&#038;utm_source=google&#038;utm_medium=social+media&#038;utm_term=hello+
5,http://apple.com?utm_campaign=test+campaign+3&#038;utm_source=google&#038;utm_medium=banner&#038;utm_term=hello+
4,http://apple.com?utm_campaign=test+campaign+3&#038;utm_source=twitter&#038;utm_medium=email
3,https://google.com
2,http://dapperlabs.com